CREATE DATABASE bichos
GO

USE bichos
GO


CREATE TABLE usuario
(
	id INT IDENTITY NOT NULL PRIMARY KEY,
	nombre NVARCHAR(30) NOT NULL
)
GO

CREATE TABLE tipo
(
	id INT IDENTITY NOT NULL PRIMARY KEY,
	nombre NVARCHAR(20) NOT NULL
)
GO

CREATE TABLE especie
(
	id INT IDENTITY NOT NULL PRIMARY KEY,
	especie NVARCHAR(30) NOT NULL,
	descripcion NVARCHAR(250),
	tipo1 INT NOT NULL,
	tipo2 INT,
	nivel_evolucion INT,
	ratio_captura INT,
	salud_base INT NOT NULL,
	ataque_normal_base INT NOT NULL,
	defensa_normal_base INT NOT NULL,
	ataque_especial_base INT NOT NULL,
	defensa_especial_base INT NOT NULL,
	velocidad_base INT NOT NULL,
	salud_maxima INT NOT NULL,
	ataque_normal_maximo INT NOT NULL,
	defensa_normal_maxima INT NOT NULL,
	ataque_especial_maximo INT NOT NULL,
	defensa_especial_maxima INT NOT NULL,
	velocidad_maxima INT NOT NULL,
	FOREIGN KEY(tipo1) REFERENCES tipo(id),
	FOREIGN KEY(tipo2) REFERENCES tipo(id),
)
GO

CREATE TABLE ataque
(
	id INT IDENTITY NOT NULL PRIMARY KEY,
	nombre NVARCHAR(20),
	categoria CHAR(1) NOT NULL,
	potencia INT NOT NULL,
	id_tipo INT NOT NULL,
	FOREIGN KEY(id_tipo) REFERENCES tipo(id)
)
GO

CREATE TABLE ataqueEspecie
(
	id_ataque INT NOT NULL,
	id_especie INT NOT NULL,
	FOREIGN KEY(id_ataque) REFERENCES ataque(id),
	FOREIGN KEY(id_especie) REFERENCES especie(id),
	PRIMARY KEY(id_ataque, id_especie)
)
GO

CREATE TABLE bicho
(
	id INT IDENTITY NOT NULL PRIMARY KEY,
	id_especie INT NOT NULL,
	id_ataque1 INT NOT NULL,
	genero CHAR,
	salud INT NOT NULL,
	nivel INT,
	experiencia INT NOT NULL,
	id_ataque2 INT,
	id_ataque3 INT,
	id_ataque4 INT,
	FOREIGN KEY(id_especie) REFERENCES especie(id),
	FOREIGN KEY(id_ataque1) REFERENCES ataque(id),
	FOREIGN KEY(id_ataque2) REFERENCES ataque(id),
	FOREIGN KEY(id_ataque3) REFERENCES ataque(id),
	FOREIGN KEY(id_ataque4) REFERENCES ataque(id)
)
GO

CREATE TABLE usuarioBicho
(
	id_bicho INT IDENTITY NOT NULL PRIMARY KEY,
	id_usuario INT NOT NULL,
	nombre NVARCHAR(20),
	latitud_Captura DECIMAL NOT NULL,
	longitud_Captura DECIMAL NOT NULL,
	FOREIGN KEY(id_usuario) REFERENCES usuario(id),
	FOREIGN KEY(id_bicho) REFERENCES bicho(id)
)
GO

CREATE TABLE intercambio
(
	id_intercambio INT IDENTITY NOT NULL PRIMARY KEY,
	id_entrenador1 INT NOT NULL,
	id_entrenador2 INT NOT NULL,
	id_bicho1 INT NOT NULL,
	id_bicho2 INT NOT NULL,
	FOREIGN KEY(id_entrenador1) REFERENCES usuario(id),
	FOREIGN KEY(id_entrenador2) REFERENCES usuario(id),
	FOREIGN KEY(id_bicho1) REFERENCES bicho(id),
	FOREIGN KEY(id_bicho2) REFERENCES bicho(id)
)
GO

CREATE TABLE combate
(
	id_combate INT IDENTITY NOT NULL PRIMARY KEY,
	id_entrenador1 INT NOT NULL,
	id_entrenador2 INT NOT NULL,
	id_bicho1 INT NOT NULL,
	id_bicho2 INT NOT NULL,
	id_ganador INT NOT NULL,
	FOREIGN KEY(id_entrenador1) REFERENCES usuario(id),
	FOREIGN KEY(id_entrenador2) REFERENCES usuario(id),
	FOREIGN KEY(id_bicho1) REFERENCES bicho(id),
	FOREIGN KEY(id_bicho2) REFERENCES bicho(id),
	FOREIGN KEY(id_ganador) REFERENCES usuario(id),
)
GO

CREATE TABLE resitenciasTipo
(
	id_tipo_ataque INT NOT NULL,
	eficacia FLOAT NOT NULL,
	id_atacado INT NOT NULL,
	FOREIGN KEY(id_tipo_ataque) REFERENCES tipo(id),
	FOREIGN KEY(id_atacado) REFERENCES tipo(id),
	PRIMARY KEY(id_tipo_ataque, id_atacado)
)
GO

CREATE TABLE especieEvolucion
(
	id_especie_actual INT NOT NULL,
	id_especie_siguiente INT NOT NULL,
	FOREIGN KEY(id_especie_actual) REFERENCES especie(id),
	FOREIGN KEY(id_especie_siguiente) REFERENCES especie(id),
	PRIMARY KEY(id_especie_actual, id_especie_siguiente)
)
GO

SET IDENTITY_INSERT bichos.dbo.usuarioBicho OFF
SET IDENTITY_INSERT bichos.dbo.tipo ON
GO
INSERT INTO tipo
	(id, nombre)
VALUES
	(1, 'Acero'),
	(2, 'Agua'),
	(3, 'Bicho'),
	(4, 'Dragón'),
	(5, 'Eléctrico'),
	(6, 'Fantasma'),
	(7, 'Fuego'),
	(8, 'Hada'),
	(9, 'Hielo'),
	(10, 'Lucha'),
	(11, 'Normal'),
	(12, 'Planta'),
	(13, 'Psíquico'),
	(14, 'Roca'),
	(15, 'Siniestro'),
	(16, 'Tierra'),
	(17, 'Veneno'),
	(18, 'Volador');
SET IDENTITY_INSERT bichos.dbo.tipo OFF
GO

SET IDENTITY_INSERT bichos.dbo.ataque ON
INSERT INTO ataque
	(id, nombre, categoria, potencia, id_tipo)
VALUES
	(1, 'Burbuja', 'e', 40, 2),
	(2, 'Cascada', 'f', 80, 2),
	(3, 'Hidrobomba', 'e', 110, 2),
	(4, 'Martillazo', 'f', 100, 2),
	(5, 'Pistola agua', 'e', 40, 2),
	(6, 'Rayo burbuja', 'e', 65, 2),
	(7, 'Surf', 'e', 90, 2),
	(8, 'Tenaza', 'f', 35, 2),
	(9, 'Chupavidas', 'f', 80, 3),
	(10, 'Doble ataque', 'f', 25, 3),
	(11, 'Pin misil', 'f', 25, 3),
	(12, 'Impactrueno', 'e', 40, 5),
	(13, 'Puño trueno', 'f', 75, 5),
	(14, 'Rayo', 'e', 90, 5),
	(15, 'Trueno', 'e', 110, 5),
	(16, 'Lengüetazo', 'f', 30, 6),
	(17, 'Ascuas', 'e', 40, 7),
	(18, 'Giro fuego', 'e', 35, 7),
	(19, 'Lanzallamas', 'e', 90, 7),
	(20, 'Llamarada', 'e', 110, 7),
	(21, 'Puño fuego', 'f', 75, 7),
	(22, 'Puño hielo', 'f', 75, 9),
	(23, 'Rayo aurora', 'e', 65, 9),
	(24, 'Rayo hielo', 'e', 90, 9),
	(25, 'Ventisca', 'e', 110, 9),
	(26, 'Doble patada', 'f', 30, 10),
	(27, 'Patada giro', 'f', 60, 10),
	(28, 'Patada salto', 'f', 100, 10),
	(29, 'Patada salto alta', 'f', 130, 10),
	(30, 'Sumisión', 'f', 80, 10),
	(31, 'Agarre', 'f', 55, 11),
	(32, 'Arañazo', 'f', 40, 11),
	(33, 'Atadura', 'f', 15, 11),
	(34, 'Ataque furia', 'f', 15, 11),
	(35, 'Ataque rápido', 'f', 40, 11),
	(36, 'Autodestrucción', 'f', 200, 11),
	(37, 'Bomba huevo', 'f', 100, 11),
	(38, 'Cabezazo', 'f', 130, 11),
	(39, 'Clavo cañón', 'f', 20, 11),
	(40, 'Cornada', 'f', 65, 11),
	(41, 'Corte', 'f', 50, 11),
	(42, 'Cuchillada', 'f', 70, 11),
	(43, 'Derribo', 'f', 90, 11),
	(44, 'Destructor', 'f', 40, 11),
	(45, 'Día de pago', 'f', 40, 11),
	(46, 'Doble filo', 'f', 120, 11),
	(47, 'Doblebofetón', 'f', 15, 11),
	(48, 'Explosión', 'f', 250, 11),
	(49, 'Fuerza', 'f', 80, 11),
	(50, 'Furia', 'f', 20, 11),
	(51, 'Golpe', 'f', 120, 11),
	(52, 'Golpe cabeza', 'f', 70, 11),
	(53, 'Golpe cuerpo', 'f', 85, 11),
	(54, 'Golpe kárate ', 'f', 50, 10),
	(55, 'Golpes furia', 'f', 18, 11),
	(56, 'Hiper colmillo', 'f', 80, 11),
	(57, 'Hiperrayo', 'e', 150, 11),
	(58, 'Megapatada', 'f', 120, 11),
	(59, 'Megapuño', 'f', 80, 11),
	(60, 'Mordisco ', 'f', 60, 15),
	(61, 'Pisotón', 'f', 65, 11),
	(62, 'Placaje', 'f', 40, 11),
	(63, 'Atizar', 'f', 80, 11),
	(64, 'Presa', 'f', 15, 11),
	(65, 'Puño cometa', 'f', 18, 11),
	(66, 'Puño mareo', 'f', 70, 11),
	(67, 'Rapidez', 'e', 60, 11),
	(68, 'Constricción', 'f', 15, 11),
	(69, 'Restricción', 'f', 10, 11),
	(70, 'Tornado ', 'e', 40, 18),
	(71, 'Triataque', 'e', 80, 11),
	(72, 'Viento cortante', 'e', 80, 11),
	(73, 'Absorber', 'e', 20, 12),
	(74, 'Danza pétalo', 'e', 120, 12),
	(75, 'Hoja afilada', 'f', 55, 12),
	(76, 'Látigo cepa', 'f', 45, 12),
	(77, 'Megaagotar', 'e', 40, 12),
	(78, 'Rayo solar', 'e', 120, 12),
	(79, 'Come sueños', 'e', 100, 13),
	(80, 'Confusión', 'e', 50, 13),
	(81, 'Psicorrayo', 'e', 65, 13),
	(82, 'Psíquico', 'e', 90, 13),
	(83, 'Avalancha', 'f', 75, 14),
	(84, 'Lanzarrocas', 'f', 50, 14),
	(85, 'Excavar', 'f', 80, 16),
	(86, 'Hueso palo', 'f', 65, 16),
	(87, 'Huesomerang', 'f', 50, 16),
	(88, 'Terremoto', 'f', 100, 16),
	(89, 'Ácido', 'e', 40, 17),
	(90, 'Picotazo venenoso', 'f', 15, 17),
	(91, 'Polución', 'e', 30, 17),
	(92, 'Residuos', 'e', 65, 17),
	(93, 'Ataque aéreo', 'f', 140, 18),
	(94, 'Ataque ala', 'f', 60, 18),
	(95, 'Pico taladro', 'f', 80, 18),
	(96, 'Picotazo', 'f', 35, 18),
	(97, 'Vuelo', 'f', 90, 18);
SET IDENTITY_INSERT ataque OFF
GO

SET IDENTITY_INSERT bichos.dbo.especie ON
INSERT INTO especie
	(id, especie, descripcion, tipo1, tipo2, nivel_evolucion, ratio_captura, salud_base, ataque_normal_base, defensa_normal_base, ataque_especial_base, defensa_especial_base, velocidad_base, salud_maxima, ataque_normal_maximo, defensa_normal_maxima, ataque_especial_maximo, defensa_especial_maxima, velocidad_maxima)
VALUES(1, 'Bulbasaur', ' Este Pokémon nace con una semilla en el lomo. Con el tiempo, la semilla brota.', 12, 17, 16, 45, 45, 49, 49, 65, 65, 45, 294, 197, 197, 229, 229, 189),
	(2, 'Ivysaur', ' Este Pokémon tiene un bulbo en el lomo. Dicen que, al absorber nutrientes, el bulbo se transforma en una flor grande.', 12, 17, 32, 45, 60, 62, 63, 80, 80, 60, 324, 223, 225, 259, 259, 219),
	(3, 'Venusaur', ' La flor que tiene en el lomo libera un delicado aroma. En combate, este aroma tiene un efecto relajante.', 12, 17, NULL, 45, 80, 82, 83, 100, 100, 80, 364, 263, 265, 299, 299, 259),
	(4, 'Charmander', ' Este Pokémon nace con una llama en la punta de la cola. Si la llama se apagara, el Pokémon se debilitaría.', 7, NULL, 16, 45, 39, 52, 43, 60, 50, 65, 282, 203, 185, 219, 199, 229),
	(5, 'Charmeleon', ' Suele usar la cola para derribar a su rival. Cuando lo tira, se vale de sus afiladas garras para acabar con él.', 7, NULL, NULL, 45, 58, 64, 58, 80, 65, 80, 320, 227, 215, 259, 229, 259),
	(6, 'Charizard', ' Con las alas que tiene puede alcanzar una altura de casi 1.400 m. Suele escupir fuego por la boca.', 7, 18, 36, 45, 78, 84, 78, 109, 85, 100, 360, 267, 255, 317, 269, 299),
	(7, 'Squirtle', ' Cuando se esconde en el caparazón, dispara agua a una presión increíble.', 2, NULL, 16, 45, 44, 48, 65, 50, 64, 43, 292, 195, 229, 199, 227, 185),
	(8, 'Wartortle', ' Es el Pokémon que se suele tener como mascota. La cola tan larga y peluda que posee simboliza lo longevo que es.', 2, NULL, 36, 45, 59, 63, 80, 65, 80, 58, 322, 225, 259, 229, 259, 215),
	(9, 'Blastoise', ' Para acabar con su enemigo, lo aplasta con el peso de su cuerpo. En momentos de apuro, se esconde en el caparazón.', 2, NULL, NULL, 45, 79, 83, 100, 85, 105, 78, 362, 265, 299, 269, 309, 255),
	(10, 'Caterpie', ' Tiene la piel de color verde. Cuando la muda, se recubre de seda y se convierte en capullo.', 3, NULL, 7, 255, 45, 30, 35, 20, 20, 45, 294, 159, 169, 139, 139, 189),
	(11, 'Metapod', ' Aunque tiene una coraza muy dura, el cuerpo del Pokémon es blando. Un ataque violento puede acabar con él.', 3, NULL, 10, 120, 50, 20, 55, 25, 25, 30, 304, 139, 209, 149, 149, 159),
	(12, 'Butterfree', ' Tiene las alas protegidas con una capa impermeable, de ahí que pueda volar también cuando llueve.', 3, 18, NULL, 45, 60, 45, 50, 90, 80, 70, 324, 189, 199, 279, 259, 239),
	(13, 'Weedle', ' Suele habitar bosques y praderas. Tiene un afilado y venenoso aguijón de unos 5 cm encima de la cabeza.', 3, 17, 7, 255, 40, 35, 30, 20, 20, 50, 284, 169, 159, 139, 139, 199),
	(14, 'Kakuna', ' Este Pokémon permanece inmóvil mientras desarrolla internamente su organismo. Es prácticamente incapaz de moverse solo.', 3, 17, 10, 120, 45, 25, 50, 25, 25, 35, 294, 149, 199, 149, 149, 169),
	(15, 'Beedrill', ' Puede aparecer en enjambres volando a gran velocidad. Suele usar el venenoso aguijón inferior para atacar.', 3, 17, NULL, 45, 65, 90, 40, 45, 80, 75, 334, 279, 179, 189, 259, 249),
	(16, 'Pidgey', ' A este Pokémon no le gusta luchar. Suele permanecer escondido en zonas de hierba alta. Se alimenta de pequeños insectos.', 11, 18, 18, 255, 40, 45, 40, 35, 35, 56, 284, 189, 179, 169, 169, 211),
	(17, 'Pidgeotto', ' Tiene unas garras desarrolladas. Puede atrapar un Exeggcute y transportarlo desde una distancia de casi 100 km.', 11, 18, 36, 120, 63, 60, 55, 50, 50, 71, 330, 219, 209, 199, 199, 241),
	(18, 'Pidgeot', ' Para intimidar a su enemigo, extiende las increíbles alas que tiene. Este Pokémon vuela a una velocidad increíble.', 11, 18, NULL, 45, 83, 80, 75, 70, 70, 101, 370, 259, 249, 239, 239, 301),
	(19, 'Rattata', ' Tiene unos largos y afilados colmillos que no dejan de crecer. Le resultan muy útiles para destruir cosas.', 11, NULL, 20, 255, 30, 56, 35, 25, 35, 72, 264, 211, 169, 149, 169, 243),
	(20, 'Raticate', ' Cada pata trasera tiene tres dedos palmeados que le permiten nadar por los ríos.', 11, NULL, NULL, 127, 55, 81, 60, 50, 70, 97, 314, 261, 219, 199, 239, 293),
	(21, 'Spearow', ' Va siempre revoloteando de aquí para allá. Aunque frágil, puede ser un duro rival cuando usa Movimiento espejo.', 11, 18, 20, 255, 40, 60, 30, 31, 31, 70, 284, 219, 159, 161, 161, 239),
	(22, 'Fearow', ' Gracias a sus espléndidas alas puede alcanzar una gran altura y volar durante un día entero sin tener que parar.', 11, 18, NULL, 90, 65, 90, 65, 61, 61, 100, 334, 279, 229, 221, 221, 299),
	(23, 'Ekans', ' Es fácil encontrarlo en praderas y zonas similares. A este Pokémon le basta con sacar la lengua para detectar el peligro.', 17, NULL, 22, 255, 35, 60, 44, 40, 54, 55, 274, 219, 187, 179, 207, 209),
	(24, 'Arbok', ' El dibujo que tiene en la panza aterroriza. Los rivales más débiles salen huyendo al verlo.', 17, NULL, NULL, 90, 60, 95, 69, 65, 79, 80, 324, 289, 237, 229, 257, 259),
	(25, 'Pikachu', ' Las bolsas de las mejillas están llenas de electricidad, que libera cuando se siente amenazado.', 5, NULL, NULL, 190, 35, 55, 40, 50, 50, 90, 274, 209, 179, 199, 199, 279),
	(26, 'Raichu', ' Suelta descargas eléctricas de hasta 100.000 voltios, con lo que es capaz de derribar al mayor de los Pokémon.', 5, NULL, NULL, 75, 60, 90, 55, 90, 80, 110, 324, 279, 209, 279, 259, 319),
	(27, 'Sandshrew', ' Este Pokémon permanece bajo tierra. Si se siente amenazado, se enrosca para defenderse.', 16, NULL, 22, 255, 50, 75, 85, 20, 30, 40, 304, 249, 269, 139, 159, 179),
	(28, 'Sandslash', ' Suele hacerse una bola y rodar a toda velocidad al tiempo que va clavándole las púas y las garras al enemigo.', 16, NULL, NULL, 90, 75, 100, 110, 45, 55, 65, 354, 299, 319, 189, 209, 229),
	(29, 'Nidoran♀', ' No es grande, pero tampoco inofensivo. Las tóxicas púas que tiene son peligrosas. La hembra tiene cuernos pequeños.', 17, NULL, 16, 235, 55, 47, 52, 40, 40, 41, 314, 193, 203, 179, 179, 181),
	(30, 'Nidorina', ' Las hembras tienen una agradable temperatura. Emiten ondas ultrasónicas para confundir al enemigo.', 17, NULL, NULL, 120, 70, 62, 67, 55, 55, 56, 344, 223, 233, 209, 209, 211),
	(31, 'Nidoqueen', ' Está protegido por duras escamas. Cuando está nervioso, las usa para defenderse.', 17, 16, NULL, 45, 90, 92, 87, 75, 85, 76, 384, 283, 273, 249, 269, 251),
	(32, 'Nidoran♂', ' Cambia la orientación de las grandes orejas que tiene para oír mejor. Si se enfada, sus venenosos cuernos crecen.', 17, NULL, 16, 235, 46, 57, 40, 40, 40, 50, 296, 213, 179, 179, 179, 199),
	(33, 'Nidorino', ' Se enfada con facilidad y es capaz de romper un diamante con el potente cuerpo que tiene.', 17, NULL, NULL, 120, 61, 72, 57, 55, 55, 65, 326, 243, 213, 209, 209, 229),
	(34, 'Nidoking', ' Es fácil reconocerlo por tener una dura piel y un gran cuerno lleno de peligrosísimo veneno.', 17, 16, NULL, 45, 81, 102, 77, 85, 75, 85, 366, 303, 253, 269, 249, 269),
	(35, 'Clefairy', ' Es una de las mascotas preferidas de todo el mundo por el aspecto tan dulce que tiene. Pero no es fácil dar con él.', 8, NULL, NULL, 150, 70, 45, 48, 60, 65, 35, 344, 189, 195, 219, 229, 169),
	(36, 'Clefable', ' Tiene un agudísimo sentido del oído. Es capaz de oír la caída de un alfiler a 1km de distancia.', 8, NULL, NULL, 25, 95, 70, 73, 95, 90, 60, 394, 239, 245, 289, 279, 219),
	(37, 'Vulpix', ' De pequeño, tiene seis colas increíbles. A medida que crece, le van saliendo más.', 7, NULL, NULL, 190, 38, 41, 40, 50, 65, 65, 280, 181, 179, 199, 229, 229),
	(38, 'Ninetales', ' Tiene nueve colas y un pelaje de color dorado. Dicen que este Pokémon llega a vivir 1000 años.', 7, NULL, NULL, 75, 73, 76, 75, 81, 100, 100, 350, 251, 249, 261, 299, 299),
	(39, 'Jigglypuff', ' Cautiva con la mirada a su enemigo y hace que se quede profundamente dormido mientras entona una dulce melodía.', 11, 8, NULL, 170, 115, 45, 20, 45, 25, 20, 434, 189, 139, 189, 149, 139),
	(40, 'Wigglytuff', ' Tiene un pelaje excepcional, muy fino, pero tupido y suave. Resulta único y llamativo.', 11, 8, NULL, 50, 140, 70, 45, 85, 50, 45, 484, 239, 189, 269, 199, 189),
	(41, 'Zubat', ' No tiene ojos. Se guía por las ondas ultrasónicas que emite. El eco le indica por dónde tiene que ir en la oscuridad.', 17, 18, 22, 255, 40, 45, 35, 30, 40, 55, 284, 189, 169, 159, 179, 209),
	(42, 'Golbat', ' Se lanza sobre su presa con los afilados colmillos que tiene y puede chuparle hasta 300 cc de sangre de una vez.', 17, 18, NULL, 90, 75, 80, 70, 65, 75, 90, 354, 259, 239, 229, 249, 279),
	(43, 'Oddish', ' Su nombre científico es Oddium Wanderus. Dicen que usa las raíces para desplazarse. Llega a hacerse 300 m.', 12, 17, 21, 255, 45, 50, 55, 75, 65, 30, 294, 199, 209, 249, 229, 159),
	(44, 'Gloom', ' Libera un fétido olor por los pistilos. El fuerte hedor acaba con cualquier rival que se encuentre a 2 km de distancia.', 12, 17, NULL, 120, 60, 65, 70, 85, 75, 40, 324, 229, 239, 269, 249, 179),
	(45, 'Vileplume', ' Tiene unos pétalos inmensos. Libera con la mejor sonrisa un polen que provoca agudos ataques de alergia.', 12, 17, NULL, 45, 75, 80, 85, 110, 90, 50, 354, 259, 269, 319, 279, 199),
	(46, 'Paras', ' Lleva en el lomo dos setas parásitas llamadas tochukaso, que crecen con él.', 3, 12, 24, 190, 35, 70, 55, 45, 55, 25, 274, 239, 209, 189, 209, 149),
	(47, 'Parasect', ' Libera esporas tóxicas a través de la seta que lo cubre. En China, las esporas se usan como remedios medicinales.', 3, 12, NULL, 75, 60, 95, 80, 60, 80, 30, 324, 289, 259, 219, 259, 159),
	(48, 'Venonat', ' Los ojos le funcionan como radar. Gracias a ellos puede moverse en la oscuridad y disparar potentes rayos.', 3, 17, 31, 190, 60, 55, 50, 40, 55, 45, 324, 209, 199, 179, 209, 189),
	(49, 'Venomoth', ' Tiene alas cubiertas de un polvillo de escamas que esparce cada vez que las bate.', 3, 17, NULL, 75, 70, 65, 60, 90, 75, 90, 344, 229, 219, 279, 249, 279),
	(50, 'Diglett', ' Este Pokémon se entierra a gran profundidad, pero como levanta tierra al cavar, es fácil localizarlo.', 16, NULL, 26, 255, 10, 55, 25, 35, 45, 95, 224, 209, 149, 169, 189, 289),
	(51, 'Dugtrio', ' En combate, cava la tierra, se esconde y sale de repente para golpear a su rival. Nunca se sabe por dónde puede aparecer.', 16, NULL, NULL, 50, 35, 100, 50, 50, 70, 120, 274, 299, 199, 199, 239, 339),
	(52, 'Meowth', ' Durante el día se dedica a dormir, y de noche vigila su territorio. Tiene unos ojos muy sensibles a todo lo que brilla.', 11, NULL, 28, 255, 40, 45, 35, 40, 40, 90, 284, 189, 169, 179, 179, 279),
	(53, 'Persian', ' Tiene un carácter muy fuerte. Cuando va a propinar un golpe y morder al rival, suele estirar y levantar la cola.', 11, NULL, NULL, 90, 65, 70, 60, 65, 65, 115, 334, 239, 219, 229, 229, 329),
	(54, 'Psyduck', ' Padece continuamente dolores de cabeza. Cuando son muy fuertes, empieza a usar misteriosos poderes.', 2, NULL, 33, 190, 50, 52, 48, 65, 50, 55, 304, 203, 195, 229, 199, 209),
	(55, 'Golduck', ' Las patas traseras palmípedas le permiten nadar. Es común verlo chapotear con estilo en lagos y otras zonas acuáticas.', 2, NULL, NULL, 75, 80, 82, 78, 95, 80, 85, 364, 263, 255, 289, 259, 269),
	(56, 'Mankey', ' Es muy ligero y ágil, y también violento. Cuando se enfada, no hay quien controle el estado de furia en el que entra.', 10, NULL, 28, 190, 40, 80, 35, 35, 45, 70, 284, 259, 169, 169, 189, 239),
	(57, 'Primeape', ' Siempre está tremendamente enfadado. Cuando se empeña en una presa, no hay distancia para él.', 10, NULL, NULL, 75, 65, 105, 60, 60, 70, 95, 334, 309, 219, 219, 239, 289),
	(58, 'Growlithe', ' Es muy agradable y leal. Para ahuyentar al enemigo, se pone a ladrar y a dar bocados.', 7, NULL, NULL, 190, 55, 70, 45, 70, 50, 60, 314, 239, 189, 239, 199, 219),
	(59, 'Arcanine', ' Las leyendas chinas hablan de este Pokémon. Se dice que es capaz de correr a velocidades inimaginables.', 7, NULL, NULL, 75, 90, 110, 80, 100, 80, 95, 384, 319, 259, 299, 259, 289),
	(60, 'Poliwag', ' Tiene una piel extraordinaria, fina y húmeda, que deja entrever las vísceras que tiene dispuestas en espiral.', 2, NULL, 25, 255, 40, 50, 40, 40, 40, 90, 284, 199, 179, 179, 179, 279),
	(61, 'Poliwhirl', ' Tiene unas extremidades inferiores muy desarrolladas. Aunque puede vivir en tierra, prefiere el medio acuático.', 2, NULL, NULL, 120, 65, 65, 65, 50, 50, 90, 334, 229, 229, 199, 199, 279),
	(62, 'Poliwrath', ' Es un nadador nato. Sabe nadar a crol y a mariposa entre otros estilos, y es más rápido que los nadadores profesionales.', 2, 10, NULL, 45, 90, 95, 95, 70, 90, 70, 384, 289, 289, 239, 279, 239),
	(63, 'Abra', ' Duerme 18 horas al día y mientras lo hace es capaz de usar una serie de poderes extrasensoriales.', 13, NULL, 16, 200, 25, 20, 15, 105, 55, 90, 254, 139, 129, 309, 209, 279),
	(64, 'Kadabra', ' Cuentan que una mañana, un niño que tenía poderes extrasensoriales, se despertó convertido en Kadabra.', 13, NULL, NULL, 100, 40, 35, 30, 120, 70, 105, 284, 169, 159, 339, 239, 309),
	(65, 'Alakazam', ' No le gustan los ataques físicos. Este Pokémon prefiere hacer uso de sus poderes extrasensoriales cuando lucha.', 13, NULL, NULL, 50, 55, 50, 45, 135, 95, 120, 314, 199, 189, 369, 289, 339),
	(66, 'Machop', ' Es una masa de músculos y, aunque es pequeño, tiene fuerza de sobra para tomar en brazos a 100 personas.', 10, NULL, 28, 180, 70, 80, 50, 35, 35, 35, 344, 259, 199, 169, 169, 169),
	(67, 'Machoke', ' Tiene una complexión tan fuerte que nunca se cansa. Suele ayudar a la gente a cargar objetos pesados.', 10, NULL, NULL, 90, 80, 100, 70, 50, 60, 45, 364, 299, 239, 199, 219, 189),
	(68, 'Machamp', ' Tiene cuatro brazos tan bien desarrollados que puede dar una serie de 1.000 puñetazos en cuestión de dos segundos.', 10, NULL, NULL, 45, 90, 130, 80, 65, 85, 55, 384, 359, 259, 229, 269, 209),
	(69, 'Bellsprout', ' Tiene cara de persona. Por el aspecto que tiene se ha comentado que podría ser algún tipo de mandrágora legendaria.', 12, 17, 21, 255, 50, 75, 35, 70, 30, 40, 304, 249, 169, 239, 159, 179),
	(70, 'Weepinbell', ' Las hojas que tiene actúan como cuchillas en combate. Otra de sus armas es el corrosivo fluido que expulsa.', 12, 17, NULL, 120, 65, 90, 50, 85, 45, 55, 334, 279, 199, 269, 189, 209),
	(71, 'Victreebel', ' Deja que su presa se le acerque a la boca, atraída por el aroma a miel. Una vez adentro, la disuelve con un fluido.', 12, 17, NULL, 45, 80, 105, 65, 100, 70, 70, 364, 309, 229, 299, 239, 239),
	(72, 'Tentacool', ' Tiene unos ojos transparentes como el cristal, que disparan misteriosos rayos.', 2, 17, 30, 190, 40, 40, 35, 50, 100, 70, 284, 179, 169, 199, 299, 239),
	(73, 'Tentacruel', ' Tiene 80 tentáculos que se mueven a su aire. Con ellos pica, envenena, y causa un dolor agudo e intenso.', 2, 17, NULL, 60, 80, 70, 65, 80, 120, 100, 364, 239, 229, 259, 339, 299),
	(74, 'Geodude', ' Es fácil atraparlo por la forma redonda que tiene. Cuando hay batallas de bolas de nieve, la gente lo usa para lanzarlo.', 14, 16, 25, 255, 40, 80, 100, 30, 30, 20, 284, 259, 299, 159, 159, 139),
	(75, 'Graveler', ' Este Pokémon es un peligro. Suele bajar rodando las montañas a toda velocidad por los caminos reservados para el senderismo.', 14, 16, NULL, 120, 55, 95, 115, 45, 45, 35, 314, 289, 329, 189, 189, 169),
	(76, 'Golem', ' Está encerrado en un duro caparazón formado por escamas de piedra. Para fortalecerse, lo muda una vez al año.', 14, 16, NULL, 45, 80, 120, 130, 55, 65, 45, 364, 339, 359, 209, 229, 189),
	(77, 'Ponyta', ' Tiene un cuerpo ligero, pero unas patas tremendamente fuertes. Es capaz de destrozar un peñón de una patada.', 7, NULL, 40, 190, 50, 85, 55, 65, 65, 90, 304, 269, 209, 229, 229, 279),
	(78, 'Rapidash', ' Al galope puede alcanzar los 240 km por hora. Impresiona verlo con sus llameantes melenas, a la velocidad del rayo.', 7, NULL, NULL, 60, 65, 100, 70, 80, 80, 105, 334, 299, 239, 259, 259, 309),
	(79, 'Slowpoke', ' Está siempre en su mundo, pero nadie sabe en qué piensa. Suele pescar con la cola.', 2, 13, 37, 190, 90, 65, 65, 40, 40, 15, 384, 229, 229, 179, 179, 129),
	(80, 'Slowbro', ' Según parece, cuando Slowpoke fue a pescar al río, le mordió un Shellder en la cola y así se convirtió en Slowbro.', 2, 13, NULL, 75, 95, 75, 110, 100, 80, 30, 394, 249, 319, 299, 259, 159),
	(81, 'Magnemite', ' Está suspendido en el aire y no para de moverse. A través de las extremidades laterales dispara Onda Trueno.', 5, 1, 30, 190, 25, 35, 70, 95, 55, 45, 254, 169, 239, 289, 209, 189),
	(82, 'Magneton', ' Lo constituye un grupo de Magnemite. Descarga potentes ondas magnéticas de alto voltaje.', 5, 1, NULL, 60, 50, 60, 95, 120, 70, 70, 304, 219, 289, 339, 239, 239),
	(83, 'Farfetch’d', ' Siempre lleva una ramita en el pico, con la que construye su nido.', 11, 18, NULL, 45, 52, 90, 55, 58, 62, 60, 308, 279, 209, 215, 223, 219),
	(84, 'Doduo', ' Este Pokémon de dos cabezas es el resultado de una mutación. Cuando corre, puede alcanzar casi 100 km por hora.', 11, 18, NULL, 190, 35, 85, 45, 35, 35, 75, 274, 269, 189, 169, 169, 249),
	(85, 'Dodrio', ' Pertenece a una rara especie difícil de encontrar. Las tres cabezas simbolizan la alegría, la tristeza y la ira.', 11, 18, NULL, 45, 60, 110, 70, 60, 60, 110, 324, 319, 239, 219, 219, 319),
	(86, 'Seel', ' Está recubierto de un pelaje de color azul, y tiene una piel gruesa y tosca. Se mantiene activo a 40 grados bajo 0.', 2, NULL, 34, 190, 65, 45, 55, 45, 70, 45, 334, 189, 209, 189, 239, 189),
	(87, 'Dewgong', ' Está recubierto de un luminoso pelaje blanco. Este Pokémon aumenta su actividad cuando bajan las temperaturas.', 2, 9, NULL, 75, 90, 70, 80, 70, 95, 70, 384, 239, 259, 239, 289, 239),
	(88, 'Grimer', ' Nace de lodo alterado al filtrarse en el agua los rayos X reflejados por la Luna. Se alimenta de sustancias desagradables.', 17, NULL, 38, 190, 80, 80, 50, 40, 50, 25, 364, 259, 199, 179, 199, 149),
	(89, 'Muk', ' Normalmente pasa desapercibido porque se mezcla con lo que haya en el suelo. Al contacto resulta tóxico.', 17, NULL, NULL, 75, 105, 105, 75, 65, 100, 50, 414, 309, 249, 229, 299, 199),
	(90, 'Shellder', ' Está metido en una concha sólida como el diamante, pero tiene un cuerpo muy blando.', 2, NULL, NULL, 190, 30, 65, 100, 45, 25, 40, 264, 229, 299, 189, 149, 179),
	(91, 'Cloyster', ' La concha que lo cubre es extremadamente dura. No es posible causarle rasguños y sólo se abre si lo atacan.', 2, 9, NULL, 60, 50, 95, 180, 85, 45, 70, 304, 289, 459, 269, 189, 239),
	(92, 'Gastly', ' Está compuesto prácticamente de un gas ligero con el que es capaz de asfixiar al mayor de los Pokémon en dos segundos.', 6, 17, 25, 190, 30, 35, 30, 100, 35, 80, 264, 169, 159, 299, 169, 259),
	(93, 'Haunter', ' Cuando tienes la sensación de que te están observando, seguro que es porque Haunter está cerca.', 6, 17, NULL, 90, 45, 50, 45, 115, 55, 95, 294, 199, 189, 329, 209, 289),
	(94, 'Gengar', ' Dicen que sale de la oscuridad para robarle el alma a los que se pierden por las montañas.', 6, 17, NULL, 45, 60, 65, 60, 130, 75, 110, 324, 229, 219, 359, 249, 319),
	(95, 'Onix', ' Suele vivir bajo tierra. Va buscando comida a medida que se va abriendo camino a 80 km por hora.', 14, 16, NULL, 45, 35, 45, 160, 30, 45, 70, 274, 189, 419, 159, 189, 239),
	(96, 'Drowzee', ' Desciende del legendario animal baku, del que se dice que come sueños. Tiene grandes habilidades hipnóticas.', 13, NULL, 26, 190, 60, 48, 45, 43, 90, 42, 324, 195, 189, 185, 279, 183),
	(97, 'Hypno', ' Lleva un péndulo en la mano. Una vez, hizo desaparecer a un niño al que había hipnotizado.', 13, NULL, NULL, 75, 85, 73, 70, 73, 115, 67, 374, 245, 239, 245, 329, 233),
	(98, 'Krabby', ' Es fácil encontrarlo cerca del mar. Las largas pinzas que tienen vuelven a crecer si se las quitan de su sitio.', 2, NULL, 28, 225, 30, 105, 90, 25, 25, 50, 264, 309, 279, 149, 149, 199),
	(99, 'Kingler', ' La pinza tan grande que tiene posee una fuerza de 10.000 caballos de potencia. Pero, por su gran tamaño, cuesta moverla.', 2, NULL, NULL, 60, 55, 130, 115, 50, 50, 75, 314, 359, 329, 199, 199, 249),
	(100, 'Voltorb', ' La procedencia de esta forma de vida no está muy clara. Dicen que usa chirrido y autodestrucción.', 5, NULL, 30, 190, 40, 30, 50, 55, 55, 100, 284, 159, 199, 209, 209, 299),
	(101, 'Electrode', ' Explotan a la mínima. Por eso se le tiene mucho miedo. Estos Pokémon reciben el nombre de Bomba Ball.', 5, NULL, NULL, 60, 60, 50, 70, 80, 80, 150, 324, 199, 239, 259, 259, 399),
	(102, 'Exeggcute', ' Aunque los huevos que lo constituyen parecen de verdad, se ha visto que son como semillas.', 12, 13, NULL, 90, 60, 40, 80, 60, 45, 40, 324, 179, 259, 219, 189, 179),
	(103, 'Exeggutor', ' Suelen referirse a él como la vegetación del trópico con patas. Cada una de sus cabezas tiene autonomía.', 12, 13, NULL, 45, 95, 95, 85, 125, 75, 55, 394, 289, 269, 349, 249, 209),
	(104, 'Cubone', ' Lleva puesto el cráneo de su madre. Cuando se siente solo se pone a gritar muy fuerte.', 16, NULL, 28, 190, 50, 50, 95, 40, 50, 35, 304, 199, 289, 179, 199, 169),
	(105, 'Marowak', ' Es pequeño y siempre ha sido muy débil. Cuando empezó a usar huesos, se volvió más violento.', 16, NULL, NULL, 75, 60, 80, 110, 50, 80, 45, 324, 259, 319, 199, 259, 189),
	(106, 'Hitmonlee', ' Encoge y estira las patas a su antojo. Cuando las estira, es capaz de propinar una buena patada al enemigo.', 10, NULL, NULL, 45, 50, 120, 53, 35, 110, 87, 304, 339, 205, 169, 319, 273),
	(107, 'Hitmonchan', ' Dicen que tiene el alma de un boxeador profesional. Da puñetazos a la velocidad del rayo.', 10, NULL, NULL, 45, 50, 105, 79, 35, 110, 76, 304, 309, 257, 169, 319, 251),
	(108, 'Lickitung', ' La lengua es tan alta que duplica su altura. Es útil porque puede moverla para agarrar comida y atacar.', 11, NULL, NULL, 45, 90, 55, 75, 60, 75, 30, 384, 209, 249, 219, 249, 159),
	(109, 'Koffing', ' Tiene forma de globo y es muy ligero. Está compuesto por gases tóxicos, y apesta.', 17, NULL, 35, 190, 40, 65, 95, 60, 45, 35, 284, 229, 289, 219, 189, 169),
	(110, 'Weezing', ' En ocasiones, puede mutar y originar dos Koffing pequeños idénticos que, al unirse, forman un Weezing.', 17, NULL, NULL, 60, 65, 90, 120, 85, 70, 60, 334, 279, 339, 269, 239, 219),
	(111, 'Rhyhorn', ' Es muy fuerte, pero no especialmente listo. Es capaz de derribar rascacielos usando placaje varias veces.', 16, 14, 42, 120, 80, 85, 95, 30, 30, 25, 364, 269, 289, 159, 159, 149),
	(112, 'Rhydon', ' Cuando evoluciona, comienza a andar con las patas traseras. Es capaz de horadar rocas con el cuerno que tiene.', 16, 14, NULL, 60, 105, 130, 120, 45, 45, 40, 414, 359, 339, 189, 189, 179),
	(113, 'Chansey', ' Pone varios huevos al día. Según parece son muy nutritivos y están riquísimos.', 11, NULL, NULL, 30, 250, 5, 5, 35, 105, 50, 704, 109, 109, 169, 309, 199),
	(114, 'Tangela', ' Las cintas de tipo alga que tiene a modo de tentáculos le dan su identidad. Es una masa que todo lo enreda.', 12, NULL, NULL, 45, 65, 55, 115, 100, 40, 60, 334, 209, 329, 299, 179, 219),
	(115, 'Kangaskhan', ' La hembra cría a sus pequeños en la bolsa que tiene en la panza. Es muy buena usando puño cometa.', 11, NULL, NULL, 45, 105, 95, 80, 40, 80, 90, 414, 289, 259, 179, 259, 279),
	(116, 'Horsea', ' Tiene enrollada la cola y la usa para mantener el equilibrio. En ocasiones tira tinta por la boca.', 2, NULL, 32, 225, 30, 40, 70, 70, 25, 60, 264, 179, 239, 239, 149, 219),
	(117, 'Seadra', ' Las afiladas púas que le recubren el cuerpo se le erizan y pueden causar el debilitamiento con sólo tocarlo.', 2, NULL, NULL, 75, 55, 65, 95, 95, 45, 85, 314, 229, 289, 289, 189, 269),
	(118, 'Goldeen', ' Las aletas dorsales están tan desarrolladas que actúan como músculos. Puede nadar a casi 10 km por hora.', 2, NULL, 33, 225, 45, 67, 60, 35, 50, 63, 294, 233, 219, 169, 199, 225),
	(119, 'Seaking', ' El cuerno que tiene en la cabeza está tan afilado como un taladro. Suele usarlo para horadar rocas y construir su nido.', 2, NULL, NULL, 60, 80, 92, 65, 65, 80, 68, 364, 283, 229, 229, 259, 235),
	(120, 'Staryu', ' Suele aparecer en grupos en la orilla de la playa. Por la noche, el órgano central que tiene brilla con una luz roja.', 2, NULL, NULL, 225, 30, 45, 55, 70, 55, 85, 264, 189, 209, 239, 209, 269),
	(121, 'Starmie', ' Este Pokémon tiene un cuerpo geométrico que le da un aspecto extraterrestre.', 2, 13, NULL, 60, 60, 75, 85, 100, 85, 115, 324, 249, 269, 299, 269, 329),
	(122, 'Mr. Mime', ' Dicen que puede hacer un muro a partir del aire mediante la pantomima. Es experto en crear ilusiones ópticas.', 13, 8, NULL, 45, 40, 45, 65, 100, 120, 90, 284, 189, 229, 299, 339, 279),
	(123, 'Scyther', ' Destroza a su presa con las guadañas que tiene. No es común que use las alas para volar.', 3, 18, NULL, 45, 70, 110, 80, 55, 80, 105, 344, 319, 259, 209, 259, 309),
	(124, 'Jynx', ' Habla emitiendo sonidos que parecen humanos. Se está intentando descifrar lo que dice cuando habla.', 9, 13, NULL, 45, 65, 50, 35, 115, 95, 95, 334, 199, 169, 329, 289, 289),
	(125, 'Electabuzz', ' Le encanta alimentarse de alta tensión. A veces, aparece cerca de centrales eléctricas y zonas similares.', 5, NULL, NULL, 45, 65, 83, 57, 95, 85, 105, 334, 265, 213, 289, 269, 309),
	(126, 'Magmar', ' A este Pokémon se lo encontraron cerca de un volcán. Esta criatura ígnea tiene una temperatura corporal de unos 1.200º.', 7, NULL, NULL, 45, 65, 95, 57, 100, 85, 93, 334, 289, 213, 299, 269, 285),
	(127, 'Pinsir', ' Los cuernos que tiene a modo de pinzas son infalibles. Cuando atrapan al rival, no lo sueltan hasta que no acaban con él.', 3, NULL, NULL, 45, 65, 125, 100, 55, 70, 85, 334, 349, 299, 209, 239, 269),
	(128, 'Tauros', ' Cuando va a utilizar placaje se azota repetidas veces con las tres colas que tiene.', 11, NULL, NULL, 45, 75, 100, 95, 40, 70, 110, 354, 299, 289, 179, 239, 319),
	(129, 'Magikarp', ' No es precisamente rápido ni fuerte. Es el Pokémon más debilucho y simplón de todos los que hay.', 2, NULL, 20, 255, 20, 10, 55, 15, 20, 80, 244, 119, 209, 129, 139, 259),
	(130, 'Gyarados', ' Es exageradamente agresivo. Lanza hiperrayo por la boca para achicharrar a su rival.', 2, 18, NULL, 45, 95, 125, 79, 60, 100, 81, 394, 349, 257, 219, 299, 261),
	(131, 'Lapras', ' Tiene un coeficiente intelectual tan alto que puede entender el lenguaje humano. Le encanta llevar a gente sobre el lomo.', 2, 9, NULL, 45, 130, 85, 80, 85, 95, 60, 464, 269, 259, 269, 289, 219),
	(132, 'Ditto', ' Tiene la capacidad de reorganizar su estructura celular para convertirse en otras formas de vida.', 11, NULL, NULL, 35, 48, 48, 48, 48, 48, 48, 300, 195, 195, 195, 195, 195),
	(133, 'Eevee', ' Es un Pokémon rarísimo que puede evolucionar de mil formas distintas según las circunstancias.', 11, NULL, NULL, 45, 55, 55, 50, 45, 65, 55, 314, 209, 199, 189, 229, 209),
	(134, 'Vaporeon', ' La composición celular de su cuerpo es tan similar a la estructura molecular del agua que se confunde con ella.', 2, NULL, NULL, 45, 130, 65, 60, 110, 95, 65, 464, 229, 219, 319, 289, 229),
	(135, 'Jolteon', ' Si se le enfada o asusta, se le eriza el pelaje. Cada pelo se le convierte en una afilada púa que hace trizas al rival.', 5, NULL, NULL, 45, 65, 65, 60, 110, 95, 130, 334, 229, 219, 319, 289, 359),
	(136, 'Flareon', ' Almacena llamas en el interior de su cuerpo. Tras inhalar profundamente, las lanza a una temperatura de 1.700º.', 7, NULL, NULL, 45, 65, 130, 60, 95, 110, 65, 334, 359, 219, 289, 319, 229),
	(137, 'Porygon', ' Puede convertirse en datos informáticos y entrar en el ciberespacio.', 11, NULL, NULL, 45, 65, 60, 70, 85, 75, 40, 334, 219, 239, 269, 249, 179),
	(138, 'Omanyte', ' Pokémon prehistórico que vivió en el océano primordial. Para nadar se valía de sus 10 tentáculos.', 14, 2, 40, 45, 35, 40, 100, 90, 55, 35, 274, 179, 299, 279, 209, 169),
	(139, 'Omastar', ' Tiene los tentáculos tan desarrollados que le sirven de mano y pies.Con ellos atrapa a sus presas y les da un bocado.', 14, 2, NULL, 45, 70, 60, 125, 115, 70, 55, 344, 219, 349, 329, 239, 209),
	(140, 'Kabuto', ' Es un Pokémon regenerado a partir de un fósil de una criatura ancestral. Está protegido por un duro caparazón.', 14, 2, 40, 45, 30, 80, 90, 55, 45, 55, 264, 259, 279, 209, 189, 209),
	(141, 'Kabutops', ' Le gusta nadar a su aire. Cuando atrapa a su presa con las garras, le absorbe todos los fluidos.', 14, 2, NULL, 45, 60, 115, 105, 65, 70, 80, 324, 329, 309, 229, 239, 259),
	(142, 'Aerodactyl', ' Se regeneró a partir de material genético de un dinosaurio, encontrado en ámbar. Cuando vuela emite escandalosos alaridos.', 14, 18, NULL, 45, 80, 105, 65, 60, 75, 130, 364, 309, 229, 219, 249, 359),
	(143, 'Snorlax', ' No se encuentra satisfecho hasta que no se come 400 kg de comida cada día. Cuando acaba de comer, se queda dormido.', 11, NULL, NULL, 25, 160, 110, 65, 65, 110, 30, 524, 319, 229, 229, 319, 159),
	(144, 'Articuno', ' Es uno de los legendarios pájaros Pokémon. Vuela con la cola al viento haciendo gala de su magnificencia.', 9, 18, NULL, 3, 90, 85, 100, 95, 125, 85, 384, 269, 299, 289, 349, 269),
	(145, 'Zapdos', ' Es uno de los legendarios pájaros Pokémon. Cuando vuela hace ruidos, emite una especie de chasquido y chisporroteo.', 5, 18, NULL, 3, 90, 90, 85, 125, 90, 100, 384, 279, 269, 349, 279, 299),
	(146, 'Moltres', ' Es uno de los legendarios pájaros Pokémon. Quien lo ve, se queda embobado con las alas que tiene, parece que arden.', 7, 18, NULL, 3, 90, 100, 90, 125, 85, 90, 384, 299, 279, 349, 269, 279),
	(147, 'Dratini', ' Las crías pueden medir más de 2 m y crecen más mudando muchas veces la piel.', 4, NULL, 30, 45, 41, 64, 45, 50, 50, 50, 286, 227, 189, 199, 199, 199),
	(148, 'Dragonair', ' Dicen que habita ríos y mares. Aunque no tiene alas, a veces se le ha visto volar.', 4, NULL, 55, 45, 61, 84, 65, 70, 70, 70, 326, 267, 229, 239, 239, 239),
	(149, 'Dragonite', ' A pesar del tamaño que tiene y de lo pesado que es, puede volar. Es capaz de dar la vuelta al mundo en solo 16 horas.', 4, 18, NULL, 45, 91, 134, 95, 100, 100, 80, 386, 367, 289, 299, 299, 259),
	(150, 'Mewtwo', ' Su código genético se recombinó repetidas veces por motivos científicos y el resultado fue este curioso Pokémon.', 13, NULL, NULL, 3, 106, 110, 90, 154, 90 , 130, 416, 319, 279, 407, 279, 359);

INSERT INTO especieEvolucion
	(id_especie_actual, id_especie_siguiente)
VALUES(1, 2),
	(2, 3),
	(4, 5),
	(5, 6),
	(7, 8),
	(8, 9),
	(10, 11),
	(11, 12),
	(13, 14),
	(14, 15),
	(16, 17),
	(17, 18),
	(19, 20),
	(21, 22),
	(23, 24),
	(25, 26),
	(27, 28),
	(29, 30),
	(30, 31),
	(32, 33),
	(33, 34),
	(35, 36),
	(37, 38),
	(39, 40),
	(41, 42),
	(43, 44),
	(44, 45),
	(46, 47),
	(48, 49),
	(50, 51),
	(52, 53),
	(54, 55),
	(56, 57),
	(58, 59),
	(60, 61),
	(61, 62),
	(63, 64),
	(64, 65),
	(66, 67),
	(67, 68),
	(69, 70),
	(70, 71),
	(72, 73),
	(74, 75),
	(75, 76),
	(77, 78),
	(79, 80),
	(81, 82),
	(84, 85),
	(86, 87),
	(88, 89),
	(90, 91),
	(92, 93),
	(93, 94),
	(96, 97),
	(98, 99),
	(100, 101),
	(102, 103),
	(104, 105),
	(109, 110),
	(111, 112),
	(116, 117),
	(118, 119),
	(120, 121),
	(129, 130),
	(133, 134),
	(133, 135),
	(133, 136),
	(138, 139),
	(140, 141),
	(147, 148),
	(148, 149);

INSERT INTO resitenciasTipo
	(id_tipo_ataque, eficacia, id_atacado)
VALUES(1, 0.5, 1),
	(1, 0.5, 2),
	(1, 0.5, 5),
	(1, 0.5, 7),
	(1, 2, 8),
	(1, 2, 9),
	(1, 2, 14),
	(2, 0.5, 2),
	(2, 0.5, 4),
	(2, 2, 7),
	(2, 0.5, 12),
	(2, 2, 14),
	(2, 2, 16),
	(3, 0.5, 1),
	(3, 0.5, 6),
	(3, 0.5, 7),
	(3, 0.5, 8),
	(3, 0.5, 10),
	(3, 2, 12),
	(3, 2, 13),
	(3, 2, 15),
	(3, 0.5, 17),
	(3, 0.5, 18),
	(4, 0.5, 1),
	(4, 2, 4),
	(4, 0, 8),
	(5, 2, 2),
	(5, 0.5, 4),
	(5, 0.5, 5),
	(5, 0.5, 12),
	(5, 0, 16),
	(5, 2, 18),
	(6, 2, 6),
	(6, 0, 11),
	(6, 2, 13),
	(6, 0.5, 15),
	(7, 2, 1),
	(7, 0.5, 2),
	(7, 2, 3),
	(7, 0.5, 4),
	(7, 0.5, 7),
	(7, 2, 9),
	(7, 2, 12),
	(7, 0.5, 14),
	(8, 0.5, 1),
	(8, 2, 4),
	(8, 0.5, 7),
	(8, 2, 10),
	(8, 2, 15),
	(8, 0.5, 17),
	(9, 0.5, 1),
	(9, 0.5, 2),
	(9, 2, 4),
	(9, 0.5, 7),
	(9, 0.5, 9),
	(9, 2, 12),
	(9, 2, 16),
	(9, 2, 18),
	(10, 2, 1),
	(10, 0.5, 3),
	(10, 0, 6),
	(10, 0.5, 8),
	(10, 2, 9),
	(10, 2, 11),
	(10, 0.5, 13),
	(10, 2, 14),
	(10, 2, 15),
	(10, 0.5, 17),
	(10, 0.5, 18),
	(11, 0.5, 1),
	(11, 0, 6),
	(11, 0.5, 14),
	(12, 0.5, 1),
	(12, 2, 2),
	(12, 0.5, 3),
	(12, 0.5, 4),
	(12, 0.5, 7),
	(12, 0.5, 12),
	(12, 2, 14),
	(12, 2, 16),
	(12, 0.5, 17),
	(12, 0.5, 18),
	(13, 0.5, 1),
	(13, 2, 10),
	(13, 0.5, 13),
	(13, 0, 15),
	(13, 2, 17),
	(14, 0.5, 1),
	(14, 2, 3),
	(14, 2, 7),
	(14, 2, 9),
	(14, 0.5, 10),
	(14, 0.5, 16),
	(14, 2, 18),
	(15, 2, 6),
	(15, 0.5, 8),
	(15, 0.5, 10),
	(15, 2, 13),
	(15, 0.5, 15),
	(16, 2, 1),
	(16, 0.5, 3),
	(16, 2, 5),
	(16, 2, 7),
	(16, 0.5, 12),
	(16, 2, 14),
	(16, 2, 17),
	(16, 0, 18),
	(17, 0, 1),
	(17, 0.5, 6),
	(17, 2, 8),
	(17, 2, 12),
	(17, 0.5, 14),
	(17, 0.5, 16),
	(17, 0.5, 17),
	(18, 0.5, 1),
	(18, 2, 3),
	(18, 0.5, 5),
	(18, 2, 10),
	(18, 2, 12),
	(18, 0.5, 14);
SET IDENTITY_INSERT bichos.dbo.especie OFF

SET IDENTITY_INSERT bichos.dbo.usuario ON
INSERT INTO usuario
	(id, nombre)
VALUES(1, 'Red'),
	(2, 'Blue'),
	(3, 'Agatha'),
	(4, 'Antón'),
	(5, 'Anselmo'),
	(6, 'Aníbal'),
	(7, 'Bill'),
	(8, 'Blanca'),
	(9, 'Brock'),
	(10, 'Bruno'),
	(11, 'Clair'),
	(12, 'Erika'),
	(13, 'Falkner'),
	(14, 'Janine'),
	(15, 'Jasmine'),
	(16, 'Karen'),
	(17, 'Koga'),
	(18, 'Lance'),
	(19, 'Surge'),
	(20, 'Misty'),
	(21, 'Morty'),
	(22, 'Pryce'),
	(23, 'Sabrina'),
	(24, 'Sixto'),
	(25, 'Xero');
SET IDENTITY_INSERT bichos.dbo.usuario OFF

SET IDENTITY_INSERT bichos.dbo.bicho ON
INSERT INTO bicho
	(id, id_especie, salud, genero, nivel, experiencia, id_ataque1, id_ataque2, id_ataque3, id_ataque4)
VALUES(1, 18, 83, 'f', 18, 684, 97, NULL, NULL, NULL),
	(2, 65, 55, 'm', 15, 165, 59, NULL, NULL, NULL),
	(3, 94, 83, 'm', 21, 945, 16, 79, NULL, NULL),
	(4, 42, 55, 'f', 20, 485, 9, 60, 94, NULL),
	(5, 11, 60, 'm', 6, 102, 62, NULL, NULL, NULL),
	(6, 123, 75, 'f', 35, 162, 35, NULL, NULL, NULL),
	(7, 69, 50, 'f', 21, 489, 76, 68, 89, NULL),
	(8, 69, 70, 'm', 15, 62, 76, 68, NULL, NULL),
	(9, 57, 78, 'f', 80, 156, 32, 64, 51, NULL),
	(10, 62, 55, 'm', 30, 358, 5, 47, NULL, NULL),
	(11, 134, 65, 'f', 64, 185, 62, 5, 60, 3),
	(12, 135, 90, 'f', 48, 349, 62, 12, 11, 15),
	(13, 53, 130, 'f', 87, 21, 32, 60, 45, 42),
	(14, 85, 65, 'm', 31, 687, 90, 34, 95, 71),
	(15, 75, 65, 'f', 75, 54, 62, 84, 36, 88),
	(16, 95, 61, 'f', 84, 765, 62, 33, 84, 63),
	(17, 74, 45, 'f', 99, 651, 62, 84, 36, NULL),
	(18, 95, 70, 'f', 55, 102, 62, 84, NULL, NULL),
	(19, 106, 50, 'f', 26, 156, 26, 27, 28, NULL),
	(20, 107, 50, 'm', 30, 12, 65, 21, 22, NULL),
	(21, 148, 61, 'f', 41, 987, 63, 67, NULL, NULL),
	(22, 148, 70, 'f', 48, 105, 63, 63, 67, NULL),
	(23, 114, 65, 'm', 24, 108, 33, 73, NULL, NULL),
	(24, 45, 75, 'f', 29, 302, 73, 89, 62, NULL),
	(25, 16, 45, 'f', 7, 654, 70, 35, 62, NULL),
	(26, 17, 68, 'm', 9, 64, 70, 62, 35, 94),
	(27, 110, 70, 'm', 36, 215, 91, 92, 48, NULL),
	(28, 49, 75, 'm', 39, 489, 62, 9, 81, 82),
	(29, 81, 25, 'f', 30, 497, 62, 12, 67, NULL),
	(30, 82, 55, 'f', 50, 658, 62, 12, 67, NULL),
	(31, 94, 65, 'm', 45, 123, 16, 79, 62, NULL),
	(32, 45, 78, 'f', 42, 21, 73, 74, 62, NULL),
	(33, 109, 70, 'f', 37, 312, 62, 91, 92, 48),
	(34, 89, 130, 'm', 39, 167, 44, 92, NULL, NULL),
	(35, 130, 200, 'f', 58, 943, 60, 3, 57, 62),
	(36, 149, 91, 'f', 62, 134, 63, 57, 62, NULL),
	(37, 25, 50, 'f', 18, 946, 12, 67, 15, 62),
	(38, 26, 68, 'm', 24, 48, 12, 15, 62, 67),
	(39, 120, 45, 'f', 18, 4, 62, 5, 67, 3),
	(40, 121, 68, 'f', 21, 95, 62, 67, 3, NULL),
	(41, 92, 50, 'm', 21, 68, 16, 79, NULL, NULL),
	(42, 94, 80, 'f', 25, 13, 16, 79, NULL, NULL),
	(43, 86, 70, 'f', 27, 64, 52, 23, 43, 24),
	(44, 87, 98, 'f', 32, 95, 23, 24, 43, 42),
	(45, 64, 50, 'm', 38, 68, 80, 81, 82, NULL),
	(46, 122, 50, 'm', 37, 48, 80, NULL, NULL, NULL),
	(47, 78, 60, 'f', 46, 97, 17, 61, 18, 62),
	(48, 78, 75, 'f', 51, 51, 17, 61, 18, NULL),
	(49, 60, 45, 'm', 21, 18, 1, 53, 3, NULL),
	(50, 49, 86, 'm', 22, 358, 62, 9, 91, NULL);
SET IDENTITY_INSERT bichos.dbo.bicho OFF

SET IDENTITY_INSERT bichos.dbo.usuarioBicho ON
INSERT INTO usuarioBicho
	(id_bicho, id_usuario, nombre, latitud_Captura, longitud_Captura)
VALUES(1, 1, 'Don Ramón', -20.9360, -71.8732),
	(2, 1, 'Toño', -77.7872, -142.8486),
	(3, 2, NULL, -20.9360, -71.8732),
	(4, 2, NULL, -9.5065, -140.0925),
	(5, 3, NULL, -46.5170, 131.7694),
	(6, 3, NULL, 67.4493, -64.4158),
	(7, 4, NULL, 20.1309, 3.5195),
	(8, 4, NULL, -37.6583, 137.3609),
	(9, 5, 'Ebony', -6.1147, -66.7094),
	(10, 5, 'Ivory', -58.8532, 146.9055),
	(11, 6, NULL, -2.4310, 126.6520),
	(12, 6, NULL, 17.5610, -106.0667),
	(13, 7, NULL, 32.9626, -98.5941),
	(14, 7, NULL, -71.0874, -138.0550),
	(15, 8, NULL, 44.4252, -157.5337),
	(16, 8, NULL, -82.8455, 85.0537),
	(17, 9, NULL, -6.9553, 99.8387),
	(18, 9, NULL, -84.5455, 23.2040),
	(19, 10, NULL, 83.4522, -119.0040),
	(20, 10, NULL, -20.9167, -114.8326),
	(21, 11, NULL, 45.8482, 79.3003),
	(22, 11, NULL, -8.4788, 7.6176),
	(23, 12, NULL, 63.8519, 72.6864),
	(24, 12, NULL, 57.2241, 77.6615),
	(25, 13, NULL, 8.2343, -112.3103),
	(26, 13, NULL, 7.4728, -177.8652),
	(27, 14, NULL, -82.3827, -70.5810),
	(28, 14, NULL, 53.7468, -94.5073),
	(29, 15, NULL, -69.0472, 106.5031),
	(30, 15, NULL, 68.4385, -54.6788),
	(31, 16, NULL, 72.6795, -125.2635),
	(32, 16, NULL, -57.8356, 148.2275),
	(33, 17, NULL, -71.6510, -114.8624),
	(34, 17, NULL, 51.5567, -168.5501),
	(35, 18, NULL, 28.6401, -135.9331),
	(36, 18, NULL, -48.0332, 159.5792),
	(37, 19, NULL, -22.2566, 133.2832),
	(38, 19, NULL, -61.3972, -155.9730),
	(39, 20, NULL, 86.3882, -70.8210),
	(40, 20, NULL, -57.2079, 175.3770),
	(41, 21, NULL, -25.3717, -52.5462),
	(42, 21, NULL, 23.9594, -105.2264),
	(43, 22, NULL, 23.7910, -118.9827),
	(44, 22, NULL, 48.9576, -142.9979),
	(45, 23, NULL, 36.3440, 65.8155),
	(46, 23, NULL, -15.9581, -50.9944),
	(47, 24, NULL, -32.4150, 97.2779),
	(48, 24, NULL, 10.9956, -36.0663),
	(49, 25, NULL, -20.8415, -104.7754),
	(50, 25, NULL, 34.9721, 55.4257);


INSERT INTO ataqueEspecie
	(id_ataque, id_especie)
VALUES
	(62, 1),
	(76, 1),
	(43, 1),
	(75, 1),
	(46, 1),
	(14, 1),
	(62, 2),
	(76, 2),
	(43, 2),
	(75, 2),
	(46, 2),
	(14, 2),
	(74, 3),
	(62, 3),
	(76, 3),
	(43, 3),
	(75, 3),
	(46, 3),
	(14, 3),
	(32, 4),
	(17, 4),
	(50, 4),
	(42, 4),
	(19, 4),
	(18, 4),
	(32, 5),
	(17, 5),
	(50, 5),
	(42, 5),
	(19, 5),
	(18, 5),
	(94, 6),
	(32, 6),
	(17, 6),
	(50, 6),
	(42, 6),
	(19, 6),
	(18, 6),
	(62, 7),
	(1, 7),
	(5, 7),
	(38, 7),
	(3, 7),
	(62, 8),
	(1, 8),
	(5, 8),
	(38, 8),
	(3, 8),
	(62, 9),
	(1, 9),
	(5, 9),
	(38, 9),
	(3, 9),
	(62, 10),
	(80, 12),
	(14, 12),
	(90, 13),
	(10, 15),
	(34, 15),
	(50, 15),
	(11, 15),
	(62, 16),
	(35, 16),
	(94, 16),
	(62, 17),
	(35, 17),
	(94, 17),
	(62, 18),
	(35, 18),
	(94, 18),
	(62, 19),
	(35, 19),
	(56, 19),
	(51, 19),
	(46, 19),
	(62, 20),
	(35, 20),
	(56, 20),
	(51, 20),
	(46, 20),
	(96, 21),
	(34, 21),
	(51, 21),
	(95, 21),
	(96, 22),
	(34, 22),
	(51, 22),
	(95, 22),
	(68, 23),
	(90, 23),
	(89, 23),
	(14, 24),
	(68, 24),
	(90, 24),
	(89, 24),
	(12, 25),
	(15, 25),
	(35, 25),
	(63, 25),
	(67, 25),
	(14, 25),
	(12, 26),
	(15, 26),
	(35, 26),
	(14, 26),
	(32, 27),
	(90, 27),
	(42, 27),
	(67, 27),
	(41, 27),
	(50, 27),
	(85, 27),
	(88, 27),
	(32, 28),
	(90, 28),
	(42, 28),
	(67, 28),
	(41, 28),
	(50, 28),
	(85, 28),
	(88, 28),
	(62, 29),
	(32, 29),
	(26, 29),
	(90, 29),
	(50, 29),
	(62, 30),
	(32, 30),
	(26, 30),
	(90, 30),
	(50, 30),
	(49, 31),
	(62, 31),
	(32, 31),
	(51, 31),
	(26, 31),
	(90, 31),
	(62, 32),
	(96, 32),
	(40, 32),
	(26, 32),
	(90, 32),
	(34, 32),
	(96, 33),
	(62, 33),
	(40, 33),
	(26, 33),
	(90, 33),
	(34, 33),
	(62, 34),
	(40, 34),
	(96, 34),
	(26, 34),
	(90, 34),
	(51, 34),
	(44, 35),
	(51, 35),
	(49, 35),
	(17, 37),
	(35, 37),
	(18, 37),
	(14, 37),
	(19, 37),
	(20, 37),
	(17, 38),
	(19, 38),
	(35, 38),
	(14, 38),
	(18, 38),
	(44, 39),
	(51, 39),
	(46, 39),
	(46, 40),
	(9, 41),
	(73, 41),
	(94, 41),
	(14, 41),
	(67, 41),
	(9, 42),
	(73, 42),
	(94, 42),
	(14, 42),
	(67, 42),
	(73, 43),
	(89, 43),
	(77, 43),
	(49, 43),
	(74, 43),
	(14, 43),
	(73, 44),
	(89, 44),
	(77, 44),
	(74, 44),
	(14, 44),
	(73, 45),
	(77, 45),
	(89, 45),
	(74, 45),
	(14, 45),
	(32, 46),
	(73, 46),
	(9, 46),
	(41, 46),
	(42, 46),
	(32, 47),
	(73, 47),
	(9, 47),
	(41, 47),
	(42, 47),
	(62, 48),
	(80, 48),
	(14, 48),
	(9, 48),
	(38, 48),
	(82, 48),
	(62, 49),
	(80, 49),
	(9, 49),
	(14, 49),
	(38, 49),
	(82, 49),
	(32, 50),
	(85, 50),
	(50, 50),
	(51, 50),
	(42, 50),
	(88, 50),
	(71, 51),
	(32, 51),
	(85, 51),
	(50, 51),
	(51, 51),
	(42, 51),
	(88, 51),
	(32, 52),
	(64, 52),
	(50, 52),
	(45, 52),
	(42, 52),
	(67, 53),
	(32, 53),
	(64, 53),
	(50, 53),
	(45, 53),
	(42, 53),
	(32, 54),
	(5, 54),
	(80, 54),
	(50, 54),
	(38, 54),
	(3, 54),
	(32, 55),
	(5, 55),
	(80, 55),
	(50, 55),
	(38, 55),
	(3, 55),
	(32, 56),
	(50, 56),
	(51, 56),
	(50, 57),
	(32, 57),
	(51, 57),
	(17, 58),
	(43, 58),
	(64, 58),
	(19, 58),
	(14, 59),
	(17, 59),
	(43, 59),
	(1, 60),
	(5, 60),
	(51, 60),
	(3, 60),
	(5, 61),
	(1, 61),
	(47, 61),
	(51, 61),
	(3, 61),
	(30, 62),
	(1, 62),
	(5, 62),
	(47, 62),
	(51, 62),
	(80, 64),
	(14, 64),
	(41, 64),
	(82, 64),
	(80, 65),
	(14, 65),
	(41, 65),
	(82, 65),
	(51, 66),
	(30, 66),
	(51, 67),
	(30, 67),
	(49, 68),
	(51, 68),
	(30, 68),
	(76, 69),
	(68, 69),
	(89, 69),
	(75, 69),
	(63, 69),
	(76, 70),
	(68, 70),
	(89, 70),
	(75, 70),
	(63, 70),
	(76, 71),
	(89, 71),
	(75, 71),
	(68, 71),
	(90, 72),
	(89, 72),
	(68, 72),
	(5, 72),
	(69, 72),
	(1, 72),
	(3, 72),
	(90, 73),
	(89, 73),
	(69, 73),
	(68, 73),
	(1, 73),
	(5, 73),
	(3, 73),
	(62, 74),
	(84, 74),
	(36, 74),
	(88, 74),
	(48, 74),
	(46, 74),
	(62, 75),
	(84, 75),
	(36, 75),
	(88, 75),
	(48, 75),
	(46, 75),
	(62, 76),
	(84, 76),
	(36, 76),
	(88, 76),
	(48, 76),
	(46, 76),
	(17, 77),
	(35, 77),
	(62, 77),
	(61, 77),
	(18, 77),
	(43, 77),
	(20, 77),
	(34, 78),
	(35, 78),
	(62, 78),
	(17, 78),
	(61, 78),
	(18, 78),
	(43, 78),
	(20, 78),
	(62, 79),
	(80, 79),
	(51, 79),
	(5, 79),
	(38, 79),
	(82, 79),
	(62, 80),
	(5, 80),
	(80, 80),
	(51, 80),
	(38, 80),
	(82, 80),
	(62, 81),
	(12, 81),
	(15, 81),
	(67, 81),
	(71, 82),
	(62, 82),
	(12, 82),
	(15, 82),
	(67, 82),
	(96, 83),
	(41, 83),
	(34, 83),
	(51, 83),
	(42, 83),
	(96, 84),
	(35, 84),
	(50, 84),
	(34, 84),
	(71, 84),
	(95, 84),
	(51, 84),
	(28, 84),
	(71, 85),
	(96, 85),
	(35, 85),
	(50, 85),
	(34, 85),
	(51, 85),
	(95, 85),
	(28, 85),
	(51, 86),
	(14, 86),
	(43, 86),
	(51, 87),
	(14, 87),
	(43, 87),
	(44, 88),
	(92, 88),
	(44, 89),
	(92, 89),
	(62, 90),
	(5, 90),
	(8, 90),
	(14, 90),
	(3, 90),
	(3, 91),
	(14, 91),
	(8, 91),
	(39, 91),
	(16, 92),
	(14, 92),
	(51, 92),
	(79, 92),
	(16, 93),
	(14, 93),
	(51, 93),
	(79, 93),
	(16, 94),
	(14, 94),
	(51, 94),
	(79, 94),
	(62, 95),
	(33, 95),
	(84, 95),
	(50, 95),
	(63, 95),
	(83, 95),
	(85, 95),
	(46, 95),
	(44, 96),
	(80, 96),
	(51, 96),
	(14, 96),
	(82, 96),
	(38, 96),
	(44, 97),
	(80, 97),
	(51, 97),
	(82, 97),
	(14, 97),
	(38, 97),
	(1, 98),
	(31, 98),
	(61, 98),
	(63, 98),
	(4, 98),
	(1, 99),
	(31, 99),
	(61, 99),
	(63, 99),
	(4, 99),
	(62, 100),
	(14, 100),
	(67, 100),
	(36, 100),
	(48, 100),
	(62, 101),
	(36, 101),
	(14, 101),
	(67, 101),
	(48, 101),
	(64, 102),
	(80, 102),
	(14, 102),
	(82, 102),
	(61, 103),
	(64, 103),
	(80, 103),
	(37, 103),
	(86, 104),
	(51, 104),
	(87, 104),
	(50, 104),
	(46, 104),
	(64, 104),
	(86, 105),
	(51, 105),
	(87, 105),
	(50, 105),
	(46, 105),
	(64, 105),
	(26, 106),
	(27, 106),
	(28, 106),
	(58, 106),
	(65, 107),
	(21, 107),
	(22, 107),
	(13, 107),
	(59, 107),
	(68, 108),
	(16, 108),
	(61, 108),
	(63, 108),
	(62, 109),
	(91, 109),
	(36, 109),
	(92, 109),
	(48, 109),
	(51, 110),
	(62, 110),
	(91, 110),
	(92, 110),
	(36, 110),
	(48, 110),
	(40, 111),
	(34, 111),
	(61, 111),
	(43, 111),
	(88, 111),
	(40, 112),
	(34, 112),
	(61, 112),
	(43, 112),
	(88, 112),
	(46, 113),
	(44, 113),
	(43, 113),
	(37, 113),
	(69, 114),
	(76, 114),
	(33, 114),
	(73, 114),
	(77, 114),
	(63, 114),
	(65, 115),
	(50, 115),
	(64, 115),
	(51, 115),
	(59, 115),
	(66, 115),
	(1, 116),
	(5, 116),
	(3, 116),
	(3, 117),
	(5, 117),
	(1, 117),
	(96, 118),
	(40, 118),
	(34, 118),
	(2, 118),
	(96, 119),
	(40, 119),
	(34, 119),
	(2, 119),
	(62, 120),
	(5, 120),
	(67, 120),
	(1, 120),
	(14, 120),
	(82, 120),
	(3, 120),
	(3, 121),
	(67, 121),
	(5, 121),
	(62, 121),
	(1, 121),
	(14, 121),
	(49, 122),
	(80, 122),
	(14, 122),
	(82, 122),
	(35, 123),
	(94, 123),
	(41, 123),
	(42, 123),
	(72, 123),
	(51, 123),
	(44, 124),
	(16, 124),
	(22, 124),
	(51, 124),
	(25, 124),
	(35, 125),
	(12, 125),
	(13, 125),
	(67, 125),
	(15, 125),
	(14, 125),
	(91, 126),
	(17, 126),
	(21, 126),
	(18, 126),
	(14, 126),
	(19, 126),
	(20, 126),
	(31, 127),
	(33, 127),
	(51, 127),
	(30, 127),
	(49, 127),
	(42, 127),
	(62, 128),
	(61, 128),
	(50, 128),
	(40, 128),
	(38, 128),
	(43, 128),
	(51, 128),
	(62, 129),
	(50, 130),
	(3, 130),
	(62, 130),
	(51, 130),
	(14, 130),
	(5, 131),
	(51, 131),
	(14, 131),
	(3, 131),
	(62, 133),
	(67, 133),
	(35, 133),
	(43, 133),
	(46, 133),
	(5, 134),
	(62, 134),
	(35, 134),
	(14, 134),
	(3, 134),
	(12, 135),
	(62, 135),
	(35, 135),
	(26, 135),
	(14, 135),
	(11, 135),
	(15, 135),
	(17, 136),
	(62, 136),
	(35, 136),
	(18, 136),
	(91, 136),
	(50, 136),
	(19, 136),
	(20, 136),
	(62, 137),
	(14, 137),
	(71, 137),
	(5, 138),
	(69, 138),
	(40, 138),
	(39, 138),
	(3, 138),
	(39, 139),
	(3, 139),
	(69, 139),
	(5, 139),
	(40, 139),
	(32, 140),
	(73, 140),
	(42, 140),
	(77, 140),
	(3, 140),
	(42, 141),
	(41, 141),
	(32, 141),
	(73, 141),
	(77, 141),
	(3, 141),
	(14, 142),
	(94, 142),
	(43, 142),
	(83, 142),
	(51, 143),
	(62, 143),
	(16, 143),
	(46, 143),
	(49, 143),
	(14, 143),
	(96, 144),
	(14, 144),
	(25, 144),
	(95, 145),
	(96, 145),
	(12, 145),
	(15, 145),
	(96, 146),
	(93, 146),
	(94, 146),
	(17, 146),
	(18, 146),
	(19, 146),
	(14, 146),
	(68, 147),
	(15, 147),
	(50, 147),
	(63, 147),
	(14, 147),
	(68, 148),
	(15, 148),
	(50, 148),
	(63, 148),
	(14, 148),
	(94, 149),
	(21, 149),
	(13, 149),
	(68, 149),
	(15, 149),
	(50, 149),
	(63, 149),
	(14, 149),
	(80, 150),
	(82, 150),
	(67, 150),
	(41, 150),
	(49, 150);
	SET IDENTITY_INSERT bichos.dbo.usuarioBicho OFF

	SET IDENTITY_INSERT bichos.dbo.intercambio ON
INSERT INTO intercambio
	(id_intercambio, id_entrenador1, id_entrenador2, id_bicho1, id_bicho2) 
VALUES
(1, 1, 2, 15, 20),
(2, 5, 8 , 6, 12),
(3, 3, 7, 8, 18),
(4, 8, 9, 19, 21),
(5, 17, 22, 10, 12),
(6, 14, 3, 17, 11),
(7, 2, 5, 8, 8),
(8, 6, 2, 5, 9),
(9, 10, 11, 12, 13),
(10, 11, 12, 13, 14),
(11, 3, 10, 8, 9),
(12, 5, 6 , 8 , 10),
(13, 18, 6, 2 , 3),
(14, 25, 24, 25, 24),
(15, 1, 2, 30, 48),
(16, 9, 25, 6, 49),
(17, 1, 3, 24, 10),
(18, 5, 6, 7, 8),
(19, 4, 8, 15, 19),
(20, 13, 15, 25, 26),
(21, 22, 21, 35, 20),
(22, 12, 23, 20, 40),
(23, 20, 5, 3, 9),
(24, 2, 5, 8 , 9),
(25, 2, 7, 9, 3);
SET IDENTITY_INSERT bichos.dbo.intercambio OFF

SET IDENTITY_INSERT bichos.dbo.combate ON
INSERT INTO combate
	(id_combate, id_entrenador1, id_entrenador2, id_bicho1, id_bicho2, id_ganador)
VALUES
(1, 2, 5, 7, 9, 2),
(2, 5, 10, 15, 6, 10),
(3, 7, 11, 35, 45, 11),
(4, 20, 21, 22, 23, 20),
(5, 25, 24, 30, 40, 25),
(6, 1, 16, 5, 35, 1),
(7, 20, 13, 2, 9, 13),
(8, 2, 8, 10, 11, 8),
(9, 9, 5, 35, 38, 5),
(10, 8, 11, 27, 41, 8),
(11, 5, 9, 31, 49, 9),
(12, 20, 16, 33, 2, 20),
(13, 17, 11, 31, 26, 17),
(14, 17, 11, 38, 25, 11),
(15, 11, 23, 46, 50, 23),
(16, 25, 18, 35, 28, 18),
(17, 1, 3, 28, 19, 1),
(18, 1, 25, 39, 42, 1),
(19, 1, 18, 2, 35, 1),
(20, 1, 15, 27, 48, 1),
(21, 2, 16, 37, 19, 16),
(22, 8, 11, 15, 16, 8),
(23, 6, 3, 17, 21, 3),
(24, 8, 9, 10, 11, 8),
(25, 23, 22, 21, 20, 22);